amount,avsstreet,avszip,billing_city,billing_company,billing_country,billing_fname,billing_lname,billing_phone,billing_state,billing_street,billing_street2,billing_zip,cardholder,ccexp,ccnum,checknum,command,custid,cvc,description,email,invoice,orderid,ponum,shipping_city,shipping_company,shipping_country,shipping_fname,shipping_lname,shipping_phone,shipping_state,shipping_street,shipping_street2,shipping_zip,source,tax,vcaccount,vcdl,vcdlstate,vcrouting,vcssn
0,0,0,0,0,0,0,0,0,0,0,0,0,0,0,0,0,sale,0,0,0,0,0,0,0,0,0,0,0,0,0,0,0,0,0,0,0,0,0,0,0,0
1,1,1,1,1,1,1,1,1,1,1,1,1,1,1,1,1,sale,1,1,1,1,1,1,1,1,1,1,1,1,1,1,1,1,1,1,1,1,1,1,1,1
2,2,2,2,2,2,2,2,2,2,2,2,2,2,2,2,2,sale,2,2,2,2,2,2,2,2,2,2,2,2,2,2,2,2,2,2,2,2,2,2,2,2
3,3,3,3,3,3,3,3,3,3,3,3,3,3,3,3,3,sale,3,3,3,3,3,3,3,3,3,3,3,3,3,3,3,3,3,3,3,3,3,3,3,3
4,4,4,4,4,4,4,4,4,4,4,4,4,4,4,4,4,sale,4,4,4,4,4,4,4,4,4,4,4,4,4,4,4,4,4,4,4,4,4,4,4,4
5,5,5,5,5,5,5,5,5,5,5,5,5,5,5,5,5,sale,5,5,5,5,5,5,5,5,5,5,5,5,5,5,5,5,5,5,5,5,5,5,5,5
6,6,6,6,6,6,6,6,6,6,6,6,6,6,6,6,6,sale,6,6,6,6,6,6,6,6,6,6,6,6,6,6,6,6,6,6,6,6,6,6,6,6
7,7,7,7,7,7,7,7,7,7,7,7,7,7,7,7,7,sale,7,7,7,7,7,7,7,7,7,7,7,7,7,7,7,7,7,7,7,7,7,7,7,7
8,8,8,8,8,8,8,8,8,8,8,8,8,8,8,8,8,sale,8,8,8,8,8,8,8,8,8,8,8,8,8,8,8,8,8,8,8,8,8,8,8,8
9,9,9,9,9,9,9,9,9,9,9,9,9,9,9,9,9,sale,9,9,9,9,9,9,9,9,9,9,9,9,9,9,9,9,9,9,9,9,9,9,9,9
10,10,10,10,10,10,10,10,10,10,10,10,10,10,10,10,10,sale,10,10,10,10,10,10,10,10,10,10,10,10,10,10,10,10,10,10,10,10,10,10,10,10
11,11,11,11,11,11,11,11,11,11,11,11,11,11,11,11,11,sale,11,11,11,11,11,11,11,11,11,11,11,11,11,11,11,11,11,11,11,11,11,11,11,11
12,12,12,12,12,12,12,12,12,12,12,12,12,12,12,12,12,sale,12,12,12,12,12,12,12,12,12,12,12,12,12,12,12,12,12,12,12,12,12,12,12,12
13,13,13,13,13,13,13,13,13,13,13,13,13,13,13,13,13,sale,13,13,13,13,13,13,13,13,13,13,13,13,13,13,13,13,13,13,13,13,13,13,13,13
14,14,14,14,14,14,14,14,14,14,14,14,14,14,14,14,14,sale,14,14,14,14,14,14,14,14,14,14,14,14,14,14,14,14,14,14,14,14,14,14,14,14
15,15,15,15,15,15,15,15,15,15,15,15,15,15,15,15,15,sale,15,15,15,15,15,15,15,15,15,15,15,15,15,15,15,15,15,15,15,15,15,15,15,15
16,16,16,16,16,16,16,16,16,16,16,16,16,16,16,16,16,sale,16,16,16,16,16,16,16,16,16,16,16,16,16,16,16,16,16,16,16,16,16,16,16,16
17,17,17,17,17,17,17,17,17,17,17,17,17,17,17,17,17,sale,17,17,17,17,17,17,17,17,17,17,17,17,17,17,17,17,17,17,17,17,17,17,17,17
18,18,18,18,18,18,18,18,18,18,18,18,18,18,18,18,18,sale,18,18,18,18,18,18,18,18,18,18,18,18,18,18,18,18,18,18,18,18,18,18,18,18
19,19,19,19,19,19,19,19,19,19,19,19,19,19,19,19,19,sale,19,19,19,19,19,19,19,19,19,19,19,19,19,19,19,19,19,19,19,19,19,19,19,19
20,20,20,20,20,20,20,20,20,20,20,20,20,20,20,20,20,sale,20,20,20,20,20,20,20,20,20,20,20,20,20,20,20,20,20,20,20,20,20,20,20,20
21,21,21,21,21,21,21,21,21,21,21,21,21,21,21,21,21,sale,21,21,21,21,21,21,21,21,21,21,21,21,21,21,21,21,21,21,21,21,21,21,21,21
22,22,22,22,22,22,22,22,22,22,22,22,22,22,22,22,22,sale,22,22,22,22,22,22,22,22,22,22,22,22,22,22,22,22,22,22,22,22,22,22,22,22
23,23,23,23,23,23,23,23,23,23,23,23,23,23,23,23,23,sale,23,23,23,23,23,23,23,23,23,23,23,23,23,23,23,23,23,23,23,23,23,23,23,23
24,24,24,24,24,24,24,24,24,24,24,24,24,24,24,24,24,sale,24,24,24,24,24,24,24,24,24,24,24,24,24,24,24,24,24,24,24,24,24,24,24,24
25,25,25,25,25,25,25,25,25,25,25,25,25,25,25,25,25,sale,25,25,25,25,25,25,25,25,25,25,25,25,25,25,25,25,25,25,25,25,25,25,25,25
26,26,26,26,26,26,26,26,26,26,26,26,26,26,26,26,26,sale,26,26,26,26,26,26,26,26,26,26,26,26,26,26,26,26,26,26,26,26,26,26,26,26
27,27,27,27,27,27,27,27,27,27,27,27,27,27,27,27,27,sale,27,27,27,27,27,27,27,27,27,27,27,27,27,27,27,27,27,27,27,27,27,27,27,27
28,28,28,28,28,28,28,28,28,28,28,28,28,28,28,28,28,sale,28,28,28,28,28,28,28,28,28,28,28,28,28,28,28,28,28,28,28,28,28,28,28,28
29,29,29,29,29,29,29,29,29,29,29,29,29,29,29,29,29,sale,29,29,29,29,29,29,29,29,29,29,29,29,29,29,29,29,29,29,29,29,29,29,29,29
30,30,30,30,30,30,30,30,30,30,30,30,30,30,30,30,30,sale,30,30,30,30,30,30,30,30,30,30,30,30,30,30,30,30,30,30,30,30,30,30,30,30
31,31,31,31,31,31,31,31,31,31,31,31,31,31,31,31,31,sale,31,31,31,31,31,31,31,31,31,31,31,31,31,31,31,31,31,31,31,31,31,31,31,31
32,32,32,32,32,32,32,32,32,32,32,32,32,32,32,32,32,sale,32,32,32,32,32,32,32,32,32,32,32,32,32,32,32,32,32,32,32,32,32,32,32,32
33,33,33,33,33,33,33,33,33,33,33,33,33,33,33,33,33,sale,33,33,33,33,33,33,33,33,33,33,33,33,33,33,33,33,33,33,33,33,33,33,33,33
34,34,34,34,34,34,34,34,34,34,34,34,34,34,34,34,34,sale,34,34,34,34,34,34,34,34,34,34,34,34,34,34,34,34,34,34,34,34,34,34,34,34
35,35,35,35,35,35,35,35,35,35,35,35,35,35,35,35,35,sale,35,35,35,35,35,35,35,35,35,35,35,35,35,35,35,35,35,35,35,35,35,35,35,35
36,36,36,36,36,36,36,36,36,36,36,36,36,36,36,36,36,sale,36,36,36,36,36,36,36,36,36,36,36,36,36,36,36,36,36,36,36,36,36,36,36,36
37,37,37,37,37,37,37,37,37,37,37,37,37,37,37,37,37,sale,37,37,37,37,37,37,37,37,37,37,37,37,37,37,37,37,37,37,37,37,37,37,37,37
38,38,38,38,38,38,38,38,38,38,38,38,38,38,38,38,38,sale,38,38,38,38,38,38,38,38,38,38,38,38,38,38,38,38,38,38,38,38,38,38,38,38
39,39,39,39,39,39,39,39,39,39,39,39,39,39,39,39,39,sale,39,39,39,39,39,39,39,39,39,39,39,39,39,39,39,39,39,39,39,39,39,39,39,39
40,40,40,40,40,40,40,40,40,40,40,40,40,40,40,40,40,sale,40,40,40,40,40,40,40,40,40,40,40,40,40,40,40,40,40,40,40,40,40,40,40,40
41,41,41,41,41,41,41,41,41,41,41,41,41,41,41,41,41,sale,41,41,41,41,41,41,41,41,41,41,41,41,41,41,41,41,41,41,41,41,41,41,41,41
42,42,42,42,42,42,42,42,42,42,42,42,42,42,42,42,42,sale,42,42,42,42,42,42,42,42,42,42,42,42,42,42,42,42,42,42,42,42,42,42,42,42
43,43,43,43,43,43,43,43,43,43,43,43,43,43,43,43,43,sale,43,43,43,43,43,43,43,43,43,43,43,43,43,43,43,43,43,43,43,43,43,43,43,43
44,44,44,44,44,44,44,44,44,44,44,44,44,44,44,44,44,sale,44,44,44,44,44,44,44,44,44,44,44,44,44,44,44,44,44,44,44,44,44,44,44,44
45,45,45,45,45,45,45,45,45,45,45,45,45,45,45,45,45,sale,45,45,45,45,45,45,45,45,45,45,45,45,45,45,45,45,45,45,45,45,45,45,45,45
46,46,46,46,46,46,46,46,46,46,46,46,46,46,46,46,46,sale,46,46,46,46,46,46,46,46,46,46,46,46,46,46,46,46,46,46,46,46,46,46,46,46
47,47,47,47,47,47,47,47,47,47,47,47,47,47,47,47,47,sale,47,47,47,47,47,47,47,47,47,47,47,47,47,47,47,47,47,47,47,47,47,47,47,47
48,48,48,48,48,48,48,48,48,48,48,48,48,48,48,48,48,sale,48,48,48,48,48,48,48,48,48,48,48,48,48,48,48,48,48,48,48,48,48,48,48,48
49,49,49,49,49,49,49,49,49,49,49,49,49,49,49,49,49,sale,49,49,49,49,49,49,49,49,49,49,49,49,49,49,49,49,49,49,49,49,49,49,49,49
50,50,50,50,50,50,50,50,50,50,50,50,50,50,50,50,50,sale,50,50,50,50,50,50,50,50,50,50,50,50,50,50,50,50,50,50,50,50,50,50,50,50
51,51,51,51,51,51,51,51,51,51,51,51,51,51,51,51,51,sale,51,51,51,51,51,51,51,51,51,51,51,51,51,51,51,51,51,51,51,51,51,51,51,51
52,52,52,52,52,52,52,52,52,52,52,52,52,52,52,52,52,sale,52,52,52,52,52,52,52,52,52,52,52,52,52,52,52,52,52,52,52,52,52,52,52,52
53,53,53,53,53,53,53,53,53,53,53,53,53,53,53,53,53,sale,53,53,53,53,53,53,53,53,53,53,53,53,53,53,53,53,53,53,53,53,53,53,53,53
54,54,54,54,54,54,54,54,54,54,54,54,54,54,54,54,54,sale,54,54,54,54,54,54,54,54,54,54,54,54,54,54,54,54,54,54,54,54,54,54,54,54
55,55,55,55,55,55,55,55,55,55,55,55,55,55,55,55,55,sale,55,55,55,55,55,55,55,55,55,55,55,55,55,55,55,55,55,55,55,55,55,55,55,55
56,56,56,56,56,56,56,56,56,56,56,56,56,56,56,56,56,sale,56,56,56,56,56,56,56,56,56,56,56,56,56,56,56,56,56,56,56,56,56,56,56,56
57,57,57,57,57,57,57,57,57,57,57,57,57,57,57,57,57,sale,57,57,57,57,57,57,57,57,57,57,57,57,57,57,57,57,57,57,57,57,57,57,57,57
58,58,58,58,58,58,58,58,58,58,58,58,58,58,58,58,58,sale,58,58,58,58,58,58,58,58,58,58,58,58,58,58,58,58,58,58,58,58,58,58,58,58
59,59,59,59,59,59,59,59,59,59,59,59,59,59,59,59,59,sale,59,59,59,59,59,59,59,59,59,59,59,59,59,59,59,59,59,59,59,59,59,59,59,59
60,60,60,60,60,60,60,60,60,60,60,60,60,60,60,60,60,sale,60,60,60,60,60,60,60,60,60,60,60,60,60,60,60,60,60,60,60,60,60,60,60,60
61,61,61,61,61,61,61,61,61,61,61,61,61,61,61,61,61,sale,61,61,61,61,61,61,61,61,61,61,61,61,61,61,61,61,61,61,61,61,61,61,61,61
62,62,62,62,62,62,62,62,62,62,62,62,62,62,62,62,62,sale,62,62,62,62,62,62,62,62,62,62,62,62,62,62,62,62,62,62,62,62,62,62,62,62
63,63,63,63,63,63,63,63,63,63,63,63,63,63,63,63,63,sale,63,63,63,63,63,63,63,63,63,63,63,63,63,63,63,63,63,63,63,63,63,63,63,63
64,64,64,64,64,64,64,64,64,64,64,64,64,64,64,64,64,sale,64,64,64,64,64,64,64,64,64,64,64,64,64,64,64,64,64,64,64,64,64,64,64,64
65,65,65,65,65,65,65,65,65,65,65,65,65,65,65,65,65,sale,65,65,65,65,65,65,65,65,65,65,65,65,65,65,65,65,65,65,65,65,65,65,65,65
66,66,66,66,66,66,66,66,66,66,66,66,66,66,66,66,66,sale,66,66,66,66,66,66,66,66,66,66,66,66,66,66,66,66,66,66,66,66,66,66,66,66
67,67,67,67,67,67,67,67,67,67,67,67,67,67,67,67,67,sale,67,67,67,67,67,67,67,67,67,67,67,67,67,67,67,67,67,67,67,67,67,67,67,67
68,68,68,68,68,68,68,68,68,68,68,68,68,68,68,68,68,sale,68,68,68,68,68,68,68,68,68,68,68,68,68,68,68,68,68,68,68,68,68,68,68,68
69,69,69,69,69,69,69,69,69,69,69,69,69,69,69,69,69,sale,69,69,69,69,69,69,69,69,69,69,69,69,69,69,69,69,69,69,69,69,69,69,69,69
70,70,70,70,70,70,70,70,70,70,70,70,70,70,70,70,70,sale,70,70,70,70,70,70,70,70,70,70,70,70,70,70,70,70,70,70,70,70,70,70,70,70
71,71,71,71,71,71,71,71,71,71,71,71,71,71,71,71,71,sale,71,71,71,71,71,71,71,71,71,71,71,71,71,71,71,71,71,71,71,71,71,71,71,71
72,72,72,72,72,72,72,72,72,72,72,72,72,72,72,72,72,sale,72,72,72,72,72,72,72,72,72,72,72,72,72,72,72,72,72,72,72,72,72,72,72,72
73,73,73,73,73,73,73,73,73,73,73,73,73,73,73,73,73,sale,73,73,73,73,73,73,73,73,73,73,73,73,73,73,73,73,73,73,73,73,73,73,73,73
74,74,74,74,74,74,74,74,74,74,74,74,74,74,74,74,74,sale,74,74,74,74,74,74,74,74,74,74,74,74,74,74,74,74,74,74,74,74,74,74,74,74
75,75,75,75,75,75,75,75,75,75,75,75,75,75,75,75,75,sale,75,75,75,75,75,75,75,75,75,75,75,75,75,75,75,75,75,75,75,75,75,75,75,75
76,76,76,76,76,76,76,76,76,76,76,76,76,76,76,76,76,sale,76,76,76,76,76,76,76,76,76,76,76,76,76,76,76,76,76,76,76,76,76,76,76,76
77,77,77,77,77,77,77,77,77,77,77,77,77,77,77,77,77,sale,77,77,77,77,77,77,77,77,77,77,77,77,77,77,77,77,77,77,77,77,77,77,77,77
78,78,78,78,78,78,78,78,78,78,78,78,78,78,78,78,78,sale,78,78,78,78,78,78,78,78,78,78,78,78,78,78,78,78,78,78,78,78,78,78,78,78
79,79,79,79,79,79,79,79,79,79,79,79,79,79,79,79,79,sale,79,79,79,79,79,79,79,79,79,79,79,79,79,79,79,79,79,79,79,79,79,79,79,79
80,80,80,80,80,80,80,80,80,80,80,80,80,80,80,80,80,sale,80,80,80,80,80,80,80,80,80,80,80,80,80,80,80,80,80,80,80,80,80,80,80,80
81,81,81,81,81,81,81,81,81,81,81,81,81,81,81,81,81,sale,81,81,81,81,81,81,81,81,81,81,81,81,81,81,81,81,81,81,81,81,81,81,81,81
82,82,82,82,82,82,82,82,82,82,82,82,82,82,82,82,82,sale,82,82,82,82,82,82,82,82,82,82,82,82,82,82,82,82,82,82,82,82,82,82,82,82
83,83,83,83,83,83,83,83,83,83,83,83,83,83,83,83,83,sale,83,83,83,83,83,83,83,83,83,83,83,83,83,83,83,83,83,83,83,83,83,83,83,83
84,84,84,84,84,84,84,84,84,84,84,84,84,84,84,84,84,sale,84,84,84,84,84,84,84,84,84,84,84,84,84,84,84,84,84,84,84,84,84,84,84,84
85,85,85,85,85,85,85,85,85,85,85,85,85,85,85,85,85,sale,85,85,85,85,85,85,85,85,85,85,85,85,85,85,85,85,85,85,85,85,85,85,85,85
86,86,86,86,86,86,86,86,86,86,86,86,86,86,86,86,86,sale,86,86,86,86,86,86,86,86,86,86,86,86,86,86,86,86,86,86,86,86,86,86,86,86
87,87,87,87,87,87,87,87,87,87,87,87,87,87,87,87,87,sale,87,87,87,87,87,87,87,87,87,87,87,87,87,87,87,87,87,87,87,87,87,87,87,87
88,88,88,88,88,88,88,88,88,88,88,88,88,88,88,88,88,sale,88,88,88,88,88,88,88,88,88,88,88,88,88,88,88,88,88,88,88,88,88,88,88,88
89,89,89,89,89,89,89,89,89,89,89,89,89,89,89,89,89,sale,89,89,89,89,89,89,89,89,89,89,89,89,89,89,89,89,89,89,89,89,89,89,89,89
90,90,90,90,90,90,90,90,90,90,90,90,90,90,90,90,90,sale,90,90,90,90,90,90,90,90,90,90,90,90,90,90,90,90,90,90,90,90,90,90,90,90
91,91,91,91,91,91,91,91,91,91,91,91,91,91,91,91,91,sale,91,91,91,91,91,91,91,91,91,91,91,91,91,91,91,91,91,91,91,91,91,91,91,91
92,92,92,92,92,92,92,92,92,92,92,92,92,92,92,92,92,sale,92,92,92,92,92,92,92,92,92,92,92,92,92,92,92,92,92,92,92,92,92,92,92,92
93,93,93,93,93,93,93,93,93,93,93,93,93,93,93,93,93,sale,93,93,93,93,93,93,93,93,93,93,93,93,93,93,93,93,93,93,93,93,93,93,93,93
94,94,94,94,94,94,94,94,94,94,94,94,94,94,94,94,94,sale,94,94,94,94,94,94,94,94,94,94,94,94,94,94,94,94,94,94,94,94,94,94,94,94
95,95,95,95,95,95,95,95,95,95,95,95,95,95,95,95,95,sale,95,95,95,95,95,95,95,95,95,95,95,95,95,95,95,95,95,95,95,95,95,95,95,95
96,96,96,96,96,96,96,96,96,96,96,96,96,96,96,96,96,sale,96,96,96,96,96,96,96,96,96,96,96,96,96,96,96,96,96,96,96,96,96,96,96,96
97,97,97,97,97,97,97,97,97,97,97,97,97,97,97,97,97,sale,97,97,97,97,97,97,97,97,97,97,97,97,97,97,97,97,97,97,97,97,97,97,97,97
98,98,98,98,98,98,98,98,98,98,98,98,98,98,98,98,98,sale,98,98,98,98,98,98,98,98,98,98,98,98,98,98,98,98,98,98,98,98,98,98,98,98
99,99,99,99,99,99,99,99,99,99,99,99,99,99,99,99,99,sale,99,99,99,99,99,99,99,99,99,99,99,99,99,99,99,99,99,99,99,99,99,99,99,99